Date,Open,High,Low,Close,MACD,MDiff,MSignal,RSI,NATR,DailyLogR,Weekday,Week,Month,Weekday_emb_0,Weekday_emb_1,Weekday_emb_2,Week_emb_0,Week_emb_1,Week_emb_2,Month_emb_0,Month_emb_1,Month_emb_2
2019-01-01,0.1048381093738229,0.0548060458170863,0.1603985077168425,0.1075792328141319,37.625812538802165,0.6402303063084136,18.21127398267471,0.7440146499548322,-0.7873760906148515,0.0,1,0,0,-0.024004012,-0.05113,-0.0500181,-0.026473107,-0.036194045,-8.8315915e-05,-0.06436249,0.037674285,-0.016470628
2019-01-02,0.1151807852524767,0.0857538579201132,0.0355316602087069,0.0043728952016919,32.88996736325407,0.3865547543633518,21.147012658790583,0.144366648313031,-0.6023053733467465,-3.1,2,0,0,-0.057070304,0.039798003,0.00038044955,-0.026473107,-0.036194045,-8.8315915e-05,-0.06436249,0.037674285,-0.016470628
2019-01-03,0.0014113505872851,-0.0174055157566431,-0.0581184754223948,-0.088512808649504,21.625245731548148,0.0109025108512851,21.2426592733421,-0.303338785410535,-0.4413993384936445,-2.9,3,0,0,0.069937125,0.043236163,0.056959245,-0.026473107,-0.036194045,-8.8315915e-05,-0.06436249,0.037674285,-0.016470628
2019-01-04,-0.0709873805632912,-0.04835332785967,-0.0373073341710388,-0.02658900608204,17.33949236503713,-0.1050009667073468,20.462025891681108,0.0169141629369725,-0.5056929252794129,1.9,4,0,0,-0.008513219,-0.054835368,0.041401174,-0.026473107,-0.036194045,-8.8315915e-05,-0.06436249,0.037674285,-0.016470628
2019-01-07,0.0944954334951691,0.1167016700231401,0.1083706545884526,0.1075792328141319,24.15447770620358,0.0959299293510539,21.2005162545856,0.6050546200082282,-0.4387356588889318,4.1,0,1,0,0.03226465,-0.061818756,-0.11054021,-0.08734597,0.027531724,-0.025769664,-0.06436249,0.037674285,-0.016470628
2019-01-08,0.146208812888438,0.1373335447584914,0.0979650839627747,0.0972585990528879,28.42086818482403,0.1892553261781698,22.64458664063329,0.5511313345522539,-0.3641189519132825,-0.3,1,1,0,-0.024004012,-0.05113,-0.0500181,-0.08734597,0.027531724,-0.025769664,-0.06436249,0.037674285,-0.016470628
2019-01-09,0.146208812888438,0.1270176073908157,0.1499929370911645,0.1178998665753759,33.03503886539829,0.2731156561944604,24.72267708558629,0.6384620081046141,-0.4279068119507166,0.6,2,1,0,-0.057070304,0.039798003,0.00038044955,-0.08734597,0.027531724,-0.025769664,-0.06436249,0.037674285,-0.016470628
2019-01-10,0.1151807852524767,0.261124793170599,0.1708040783425204,0.293350640516524,49.83491573632773,0.6625588136375608,29.745124815734577,1.269536217145982,-0.4108477796000352,5.1,3,1,0,0.069937125,0.043236163,0.056959245,-0.08734597,0.027531724,-0.025769664,-0.06436249,0.037674285,-0.016470628
2019-01-11,0.3220343028255522,0.2920726052736259,0.2748597845993001,0.293350640516524,62.42929316242544,0.8628630514116207,36.28195848507275,1.269536217145982,-0.3942474151193091,0.0,4,1,0,-0.008513219,-0.054835368,0.041401174,-0.08734597,0.027531724,-0.025769664,-0.06436249,0.037674285,-0.016470628
2019-01-14,0.3220343028255522,0.2920726052736259,0.2852653552249781,0.241747471710304,67.59663395879898,0.8266351363263904,42.544893579818,0.960252662173942,-0.3566073091334037,-1.5,0,2,0,0.03226465,-0.061818756,-0.11054021,0.0058684074,0.04228005,-0.04151847,-0.06436249,0.037674285,-0.016470628
2019-01-15,0.2703209234322833,0.3127044800089772,0.306076496476334,0.344953809322744,78.8519963040062,0.9587024395372462,49.80631412465564,1.3079976707093166,-0.4190290054501084,2.9,1,2,0,-0.024004012,-0.05113,-0.0500181,0.0058684074,0.04228005,-0.04151847,-0.06436249,0.037674285,-0.016470628
2019-01-16,0.3634050063401673,0.5293391647301656,0.4205377733587917,0.5616871183088681,103.5238386393794,1.419269482036818,60.54981902760039,1.8590224599115703,-0.3800478248204093,5.8,2,2,0,-0.057070304,0.039798003,0.00038044955,0.0058684074,0.04228005,-0.04151847,-0.06436249,0.037674285,-0.016470628
2019-01-17,0.5702585239132428,0.5602869768331925,0.5349990502412494,0.4997633157414041,116.88754601165827,1.4885830757320215,71.81736442441198,1.518345367292273,-0.3195605030177362,-1.6,3,2,0,0.069937125,0.043236163,0.056959245,0.0058684074,0.04228005,-0.04151847,-0.06436249,0.037674285,-0.016470628
2019-01-18,0.5495731721559354,0.5809188515685437,0.5558101914926052,0.5616871183088681,130.81196009522,1.5588666201566277,83.61628355857358,1.666777590976552,-0.3494050618521709,1.6,4,2,0,-0.008513219,-0.054835368,0.041401174,0.0058684074,0.04228005,-0.04151847,-0.06436249,0.037674285,-0.016470628
2019-01-21,0.611629227427858,0.5912347889362194,0.6286491858723511,0.6029696533538441,143.42154993168333,1.5803117185173758,95.57733683319556,1.7626917039372054,-0.4440963667230163,1.1,0,3,0,0.03226465,-0.061818756,-0.11054021,0.05990502,0.043066576,-0.07638767,-0.06436249,0.037674285,-0.016470628
2019-01-22,0.6012865515492042,0.5499710394655168,0.5454046208669273,0.5100839495026481,144.48693741117177,1.2920829420005244,105.3592569487908,1.2499034611326028,-0.3931048098364981,-2.4,1,3,0,-0.024004012,-0.05113,-0.0500181,0.05990502,0.043066576,-0.07638767,-0.06436249,0.037674285,-0.016470628
2019-01-23,0.42546106161209,0.51902322736249,0.4829711971128595,0.427518879412696,137.29330153429055,0.843019633121304,111.74606586589074,0.8402007148559563,-0.2964272947341217,-2.2,2,3,0,-0.057070304,0.039798003,0.00038044955,0.05990502,0.043066576,-0.07638767,-0.06436249,0.037674285,-0.016470628
2019-01-24,0.4461464133693976,0.4571276031564361,0.4205377733587917,0.38623634436772,126.9017828098481,0.399173709517387,114.77720925468222,0.6458950359133772,-0.2305404252080675,-1.1,3,3,0,0.069937125,0.043236163,0.056959245,0.05990502,0.043066576,-0.07638767,-0.06436249,0.037674285,-0.016470628
2019-01-25,0.4151183857334362,0.5293391647301656,0.4725656264871815,0.4997633157414041,126.0890341475656,0.2974892118670691,117.0395742332589,1.0107275077451507,-0.2039859984329949,3.1,4,3,0,-0.008513219,-0.054835368,0.041401174,0.05990502,0.043066576,-0.07638767,-0.06436249,0.037674285,-0.016470628
2019-01-28,0.5392304962772816,0.5293391647301656,0.4621600558615035,0.406877611890208,116.8358660030699,-0.0071372410188931,116.9988325872211,0.5842681826136376,-0.057710118697996,-2.5,0,4,0,0.03226465,-0.061818756,-0.11054021,0.03473005,-0.10417456,0.07247304,-0.06436249,0.037674285,-0.016470628
2019-01-29,0.3530623304615136,0.405547916318058,0.3581043496047238,0.396556978128964,107.45704918327374,-0.2541622538048858,115.09047590643164,0.5382342194323229,-0.0140940940474587,-0.3,1,4,0,-0.024004012,-0.05113,-0.0500181,0.03473005,-0.10417456,0.07247304,-0.06436249,0.037674285,-0.016470628
2019-01-30,0.5082024686413202,0.5499710394655168,0.5662157621182833,0.5823283858313562,113.2433659292078,-0.0506110115786569,114.72105391098688,1.115620499539897,-0.05135335940074,5.0,2,4,0,-0.057070304,0.039798003,0.00038044955,0.03473005,-0.10417456,0.07247304,-0.06436249,0.037674285,-0.016470628
2019-01-31,0.6219719033065118,0.6737622878776245,0.6806770390007408,0.7164966247275282,126.85665265688613,0.3192809347636535,117.14817366016672,1.4456970829677729,-0.1463109472854621,3.4,3,4,0,0.069937125,0.043236163,0.056959245,0.03473005,-0.10417456,0.07247304,-0.06436249,0.037674285,-0.016470628
2019-02-01,0.7150559862143957,0.6634463505099488,0.6702714683750629,0.6442521883988201,130.49262769815095,0.3512594194542535,119.81706446776356,1.114250542933831,-0.1482356623715003,-1.8,4,0,1,-0.008513219,-0.054835368,0.041401174,-0.026473107,-0.036194045,-8.8315915e-05,0.010249252,0.007602419,0.03433956
2019-02-04,0.7047133103357419,0.6737622878776245,0.7222993215034528,0.6752140896825521,134.24739301312275,0.3799846287802693,122.7031301768354,1.1947267245649875,-0.2539672801429588,0.8,0,1,1,0.03226465,-0.061818756,-0.11054021,-0.08734597,0.027531724,-0.025769664,0.010249252,0.007602419,0.03433956
2019-02-05,0.6736852826997807,0.6221826010392463,0.7327048921291307,0.6752140896825521,135.6592758893762,0.3409872951381921,125.29435931934356,1.1947267245649875,-0.4550982037491934,0.0,1,1,1,-0.024004012,-0.05113,-0.0500181,-0.08734597,0.027531724,-0.025769664,0.010249252,0.007602419,0.03433956
2019-02-06,0.746084013850357,0.8388172857604347,0.7847327452575206,0.8506648636237002,148.78073083926802,0.6195488955007853,129.99163362332848,1.628190552558671,-0.433185660126729,4.4,2,1,1,-0.057070304,0.039798003,0.00038044955,-0.08734597,0.027531724,-0.025769664,0.010249252,0.007602419,0.03433956
2019-02-07,0.8184827450009335,0.8181854110250835,0.7847327452575206,0.7268172584887722,147.79291655967563,0.4691582578248139,133.55189021059792,1.0490487005959943,-0.3306732970129822,-3.1,3,1,1,0.069937125,0.043236163,0.056959245,-0.08734597,0.027531724,-0.025769664,0.010249252,0.007602419,0.03433956
2019-02-08,0.7253986620930495,0.6840782252453002,0.6286491858723511,0.6029696533538441,135.76208865903118,0.0567191016486571,133.99392990028457,0.5489923592656711,-0.191437304846661,-3.2,4,1,1,-0.008513219,-0.054835368,0.041401174,-0.08734597,0.027531724,-0.025769664,0.010249252,0.007602419,0.03433956
2019-02-11,0.559915848034589,0.5396551020978412,0.5141879089898934,0.4688014144576721,114.41870966383568,-0.5195820341897335,130.0788858529948,0.0816065126384525,-0.071185528239608,-3.5,0,2,1,0.03226465,-0.061818756,-0.11054021,0.0058684074,0.04228005,-0.04151847,0.010249252,0.007602419,0.03433956
2019-02-12,0.4668317651267051,0.4571276031564361,0.3893210614817577,0.4378395131739401,93.99960977114642,-0.956172501750692,122.86303063662514,-0.0194225368136145,0.0190971575351873,-0.8,1,2,1,-0.024004012,-0.05113,-0.0500181,0.0058684074,0.04228005,-0.04151847,0.010249252,0.007602419,0.03433956
2019-02-13,0.4875171168840126,0.5293391647301656,0.4621600558615035,0.520404583263892,83.31228524244489,-1.0480051048630334,114.9528815577891,0.2564721876229397,0.0107585825445813,2.2,2,2,1,-0.057070304,0.039798003,0.00038044955,0.0058684074,0.04228005,-0.04151847,0.010249252,0.007602419,0.03433956
2019-02-14,0.518545144519974,0.5087072899948143,0.5037823383642155,0.5100839495026481,73.19187673428905,-1.1064742597615085,106.6006805930891,0.2188416120534182,-0.023021316911081,-0.3,3,2,1,0.069937125,0.043236163,0.056959245,0.0058684074,0.04228005,-0.04151847,0.010249252,0.007602419,0.03433956
2019-02-15,0.4771744410053589,0.4364957284210848,0.3893210614817577,0.355274443083988,52.46287432209556,-1.433884296511753,95.7731193388904,-0.3051981560694371,0.1681632088561461,-4.2,4,2,1,-0.008513219,-0.054835368,0.041401174,0.0058684074,0.04228005,-0.04151847,0.010249252,0.007602419,0.03433956
2019-02-18,0.4358037374907438,0.488075415259463,0.4933767677385374,0.5100839495026481,47.5901473687004,-1.276357933538342,86.13652494485241,0.2185103815753434,0.1052827729477268,4.2,0,3,1,0.03226465,-0.061818756,-0.11054021,0.05990502,0.043066576,-0.07638767,0.010249252,0.007602419,0.03433956
2019-02-19,0.5495731721559354,0.5809188515685437,0.5558101914926052,0.5410458507863801,45.6233083326365,-1.0734658620873427,78.03388162240924,0.3149198387419704,0.0636006688972205,0.8,1,3,1,-0.024004012,-0.05113,-0.0500181,0.05990502,0.043066576,-0.07638767,0.010249252,0.007602419,0.03433956
2019-02-20,0.6012865515492042,0.5706029142008682,0.5870269033696391,0.6029696533538441,48.34873862252834,-0.7870251371238722,72.09685302243307,0.5065941474871937,-0.0644220495588982,1.6,2,3,1,-0.057070304,0.039798003,0.00038044955,0.05990502,0.043066576,-0.07638767,0.010249252,0.007602419,0.03433956
2019-02-21,0.6323145791851655,0.6118666636715707,0.6286491858723511,0.5720077520701121,47.5399020847226,-0.6513663759600532,67.18546283489098,0.3876595632476043,-0.1129040106227234,-0.8,3,3,1,0.069937125,0.043236163,0.056959245,0.05990502,0.043066576,-0.07638767,0.010249252,0.007602419,0.03433956
2019-02-22,0.5702585239132428,0.5809188515685437,0.5558101914926052,0.6236109208763321,50.35303696724168,-0.4470254525158062,63.81897766136112,0.5559084577444474,-0.155928070264685,1.3,4,3,1,-0.008513219,-0.054835368,0.041401174,0.05990502,0.043066576,-0.07638767,0.010249252,0.007602419,0.03433956
2019-02-25,0.6633426068211269,0.6737622878776245,0.6806770390007408,0.7061759909662841,58.36500262201071,-0.1460253096550958,62.72818265349105,0.8114488735622608,-0.2662542938795947,2.1,0,4,1,0.03226465,-0.061818756,-0.11054021,0.03473005,-0.10417456,0.07247304,0.010249252,0.007602419,0.03433956
2019-02-26,0.6529999309424731,0.6634463505099488,0.6494603271237069,0.7164966247275282,64.77477625327401,0.0523911765594199,63.13750137344765,0.8429502092412529,-0.2887374633143241,0.3,1,4,1,-0.024004012,-0.05113,-0.0500181,0.03473005,-0.10417456,0.07247304,0.010249252,0.007602419,0.03433956
2019-02-27,0.7150559862143957,0.6737622878776245,0.6494603271237069,0.6339315546375761,62.676738200807904,-0.013937250578041,63.04534873891971,0.4735302294551292,-0.2284338550856795,-2.1,2,4,1,-0.057070304,0.039798003,0.00038044955,0.03473005,-0.10417456,0.07247304,0.010249252,0.007602419,0.03433956
2019-02-28,0.6633426068211269,0.6324985384069219,0.5870269033696391,0.6029696533538441,57.92554897792616,-0.1371851952982476,62.021388786721,0.3404331375652757,-0.1727757171159448,-0.8,3,4,1,0.069937125,0.043236163,0.056959245,0.03473005,-0.10417456,0.07247304,0.010249252,0.007602419,0.03433956
2019-03-01,0.5806011997918966,0.7047100999806514,0.6078380446209951,0.7474585260112602,64.71107823090551,0.0694033290887056,62.55932667555791,0.8290912158180559,-0.1715960979358768,3.7,4,0,2,-0.008513219,-0.054835368,0.041401174,-0.026473107,-0.036194045,-8.8315915e-05,0.000748222,0.05409728,0.051008645
2019-03-04,0.7667693656076646,0.7356579120836784,0.7847327452575206,0.7371378922500161,68.49220709599331,0.1551971653417228,63.74590275964499,0.7813841048751434,-0.2798675712361562,-0.3,0,1,2,0.03226465,-0.061818756,-0.11054021,-0.08734597,0.027531724,-0.025769664,0.000748222,0.05409728,0.051008645
2019-03-05,0.7357413379717033,0.7356579120836784,0.7431104627548086,0.7371378922500161,70.67409202338695,0.1815265935342414,65.1315406123934,0.7813841048751434,-0.3261665939568784,0.0,1,1,2,-0.024004012,-0.05113,-0.0500181,-0.08734597,0.027531724,-0.025769664,0.000748222,0.05409728,0.051008645
2019-03-06,0.7771120414863184,0.7872375989220565,0.8159494571345545,0.7577791597725042,73.17358486367084,0.2109919852148434,66.7399494626489,0.8554093455024495,-0.3830435907572477,0.5,2,1,2,-0.057070304,0.039798003,0.00038044955,-0.08734597,0.027531724,-0.025769664,0.000748222,0.05409728,0.051008645
2019-03-07,0.7564266897290108,0.7047100999806514,0.8159494571345545,0.7577791597725042,74.29798996801082,0.1981883796217726,68.25155756372129,0.855409345502449,-0.5749547778910327,0.0,3,1,2,0.069937125,0.043236163,0.056959245,-0.08734597,0.027531724,-0.025769664,0.000748222,0.05409728,0.051008645
2019-03-08,0.6219719033065118,0.6015507263038951,0.5245934796155713,0.5100839495026481,55.18693425240235,-0.3473537902798724,65.63863290145751,-0.2872835444149371,-0.1466632894703252,-6.4,4,1,2,-0.008513219,-0.054835368,0.041401174,-0.08734597,0.027531724,-0.025769664,0.000748222,0.05409728,0.051008645
2019-03-11,0.5082024686413202,0.4674435405241117,0.4725656264871815,0.458480780696428,35.596369982311444,-0.7964722181315855,59.6301803176283,-0.4708683137121568,-0.153304076255551,-1.4,0,2,2,0.03226465,-0.061818756,-0.11054021,0.0058684074,0.04228005,-0.04151847,0.000748222,0.05409728,0.051008645
2019-03-12,0.4461464133693976,0.4364957284210848,0.4829711971128595,0.4378395131739401,18.24653905865261,-1.0964916629610932,51.35345206583317,-0.5441932641857138,-0.2472711993213162,-0.6,1,2,2,-0.024004012,-0.05113,-0.0500181,0.0058684074,0.04228005,-0.04151847,0.000748222,0.05409728,0.051008645
2019-03-13,0.4461464133693976,0.4571276031564361,0.4829711971128595,0.4688014144576721,6.838591308679042,-1.1793234588270034,42.45047991440234,-0.3900625532947908,-0.3394609388242565,0.8,2,2,2,-0.057070304,0.039798003,0.00038044955,0.0058684074,0.04228005,-0.04151847,0.000748222,0.05409728,0.051008645
2019-03-14,0.4875171168840126,0.4364957284210848,0.5037823383642155,0.4481601469351841,-3.772633752510501,-1.2245127712948125,33.20585718101977,-0.4721621408202345,-0.4543954089741844,-0.6,3,2,2,0.069937125,0.043236163,0.056959245,0.0058684074,0.04228005,-0.04151847,0.000748222,0.05409728,0.051008645
2019-03-15,0.4151183857334362,0.4777594778917874,0.4621600558615035,0.5100839495026481,-7.25695385740255,-1.0721324569391553,25.113294973335307,-0.1534705224219401,-0.486488821013337,1.7,4,2,2,-0.008513219,-0.054835368,0.041401174,0.0058684074,0.04228005,-0.04151847,0.000748222,0.05409728,0.051008645
2019-03-18,0.5082024686413202,0.4777594778917874,0.4101322027331137,0.38623634436772,-19.476783525253268,-1.1813132332927083,16.195279273617594,-0.6443555165759546,-0.3043474691251626,-3.3,0,3,2,0.03226465,-0.061818756,-0.11054021,0.05990502,0.043066576,-0.07638767,0.000748222,0.05409728,0.051008645
2019-03-19,0.3737476822188211,0.374600104215031,0.4205377733587917,0.406877611890208,-27.233324905760583,-1.150588142391767,7.509558437741959,-0.5361273097475188,-0.416283887375998,0.6,1,3,2,-0.024004012,-0.05113,-0.0500181,0.05990502,0.043066576,-0.07638767,0.000748222,0.05409728,0.051008645
2019-03-20,0.4047757098547824,0.4261797910534092,0.4621600558615035,0.427518879412696,-31.40459436449692,-1.031164986290664,-0.2732721227058157,-0.4251202205034889,-0.5035383238236032,0.6,2,3,2,-0.057070304,0.039798003,0.00038044955,0.05990502,0.043066576,-0.07638767,0.000748222,0.05409728,0.051008645
2019-03-21,0.4668317651267051,0.4571276031564361,0.5037823383642155,0.458480780696428,-31.92163346334109,-0.8389591842055857,-6.602944390832872,-0.2569295446679107,-0.5751363063156945,0.8,3,3,2,0.069937125,0.043236163,0.056959245,0.05990502,0.043066576,-0.07638767,0.000748222,0.05409728,0.051008645
2019-03-22,0.4047757098547824,0.3849160415827067,0.4413489146101476,0.427518879412696,-34.35610417083035,-0.7359173691188365,-12.153576346832368,-0.3980200331401688,-0.6177741700873591,-0.8,4,3,2,-0.008513219,-0.054835368,0.041401174,0.05990502,0.043066576,-0.07638767,0.000748222,0.05409728,0.051008645
2019-03-25,0.3840903580974749,0.3333363547443285,0.316482067102012,0.262388739232792,-48.63546322460934,-0.9668229768391255,-19.44995372238776,-1.031924820293751,-0.4082957748717707,-4.6,0,4,2,0.03226465,-0.061818756,-0.11054021,0.03473005,-0.10417456,0.07247304,0.000748222,0.05409728,0.051008645
2019-03-26,0.3116916269468984,0.2817566679059503,0.306076496476334,0.272709372994036,-58.47102415592235,-1.0339933346115355,-27.25416780909468,-0.9703443012307048,-0.4671406816425614,0.3,1,4,2,-0.024004012,-0.05113,-0.0500181,0.03473005,-0.10417456,0.07247304,0.000748222,0.05409728,0.051008645
2019-03-27,0.3013489510682447,0.2714407305382746,0.2852653552249781,0.23142683794906,-68.701494695772,-1.098176372358324,-35.54363318643014,-1.113854678886694,-0.4668005255944424,-1.2,2,4,2,-0.057070304,0.039798003,0.00038044955,0.03473005,-0.10417456,0.07247304,0.000748222,0.05409728,0.051008645
2019-03-28,0.2186075440390144,0.2095451063322208,0.2332375020965882,0.190144302904084,-79.12478079171387,-1.1546234538487397,-44.25986270748689,-1.2530501203530624,-0.4819761564978608,-1.2,3,4,2,0.069937125,0.043236163,0.056959245,0.03473005,-0.10417456,0.07247304,0.000748222,0.05409728,0.051008645
2019-03-29,0.1979221922817069,0.2508088558029234,0.2124263608452323,0.241747471710304,-82.40086213991162,-1.0107123536538458,-51.88806259397184,-0.9148138725213696,-0.4577626632376393,1.5,4,4,2,-0.008513219,-0.054835368,0.041401174,0.03473005,-0.10417456,0.07247304,0.000748222,0.05409728,0.051008645
2019-04-01,0.3013489510682447,0.374600104215031,0.3476987789790459,0.406877611890208,-71.26501861340012,-0.5143372466041549,-55.76345379785749,-0.0238899311383169,-0.4534642028275159,4.6,0,0,3,0.03226465,-0.061818756,-0.11054021,-0.026473107,-0.036194045,-8.8315915e-05,0.042287596,0.08106518,-0.05567848
2019-04-02,0.42546106161209,0.3952319789503823,0.3789154908560798,0.344953809322744,-66.5145427038724,-0.2861526481368871,-57.91367157906048,-0.2843978161277521,-0.3950114943749926,-1.7,1,0,3,-0.024004012,-0.05113,-0.0500181,-0.026473107,-0.036194045,-8.8315915e-05,0.042287596,0.08106518,-0.05567848
2019-04-03,0.3427196545828598,0.2920726052736259,0.3997266321074357,0.344953809322744,-62.03465938211775,-0.1107630973723954,-58.737869139671936,-0.2843978161277515,-0.5860678312503682,0.0,2,0,3,-0.057070304,0.039798003,0.00038044955,-0.026473107,-0.036194045,-8.8315915e-05,0.042287596,0.08106518,-0.05567848
2019-04-04,0.3530623304615136,0.3333363547443285,0.316482067102012,0.313991908039012,-60.210993994623095,-0.0407177864876027,-59.03249411066217,-0.4196939967536283,-0.5381485184626009,-0.9,3,0,3,0.069937125,0.043236163,0.056959245,-0.026473107,-0.036194045,-8.8315915e-05,0.042287596,0.08106518,-0.05567848
2019-04-05,0.3530623304615136,0.3023885426413016,0.3372932083533679,0.313991908039012,-58.09603115262962,0.0230243069562334,-58.845201519055664,-0.4196939967536283,-0.5992039286708496,0.0,4,0,3,-0.008513219,-0.054835368,0.041401174,-0.026473107,-0.036194045,-8.8315915e-05,0.042287596,0.08106518,-0.05567848
2019-04-08,0.3013489510682447,0.2714407305382746,0.2540486433479442,0.221106204187816,-62.95643312938546,-0.1105050116761032,-59.66744784112163,-0.8191495719082593,-0.5035922691578141,-2.6,0,1,3,0.03226465,-0.061818756,-0.11054021,-0.08734597,0.027531724,-0.025769664,0.042287596,0.08106518,-0.05567848
2019-04-09,0.1979221922817069,0.1992291689645452,0.2228319314709103,0.1798236691428399,-69.23787133761971,-0.2549198852328712,-61.58153254042125,-0.9788635605243304,-0.5160375223706071,-1.2,1,1,3,-0.024004012,-0.05113,-0.0500181,-0.08734597,0.027531724,-0.025769664,0.042287596,0.08106518,-0.05567848
2019-04-10,0.1772368405243994,0.1682813568615183,0.1291817958398086,0.0972585990528879,-79.7519568701382,-0.4824202293889582,-65.21561740636464,-1.2709960736296533,-0.3850448624195926,-2.4,2,1,3,-0.057070304,0.039798003,0.00038044955,-0.08734597,0.027531724,-0.025769664,0.042287596,0.08106518,-0.05567848
2019-04-11,0.1151807852524767,0.1889132315968696,0.1499929370911645,0.221106204187816,-77.50798448826345,-0.3269248901696375,-67.6740908227444,-0.5245970861837127,-0.4196328721239921,3.6,3,1,3,0.069937125,0.043236163,0.056959245,-0.08734597,0.027531724,-0.025769664,0.042287596,0.08106518,-0.05567848
2019-04-12,0.1979221922817069,0.1579654194938426,0.2124263608452323,0.210785570426572,-75.66432539148673,-0.2131183166205206,-69.27213773649287,-0.5661895658510409,-0.4958851158592677,-0.3,4,1,3,-0.008513219,-0.054835368,0.041401174,-0.08734597,0.027531724,-0.025769664,0.042287596,0.08106518,-0.05567848
2019-04-15,0.1979221922817069,0.1992291689645452,0.2540486433479442,0.221106204187816,-72.55987082402362,-0.0887205722345212,-69.92968435399902,-0.5053831526081763,-0.5989886279401329,0.3,0,2,3,0.03226465,-0.061818756,-0.11054021,0.0058684074,0.04228005,-0.04151847,0.042287596,0.08106518,-0.05567848
2019-04-16,0.2186075440390144,0.1682813568615183,0.1812096489681984,0.1282205003366199,-76.48019991419915,-0.1750326726440399,-71.23978746603905,-0.8865853087493789,-0.5500711628350455,-2.7,1,2,3,-0.024004012,-0.05113,-0.0500181,0.0058684074,0.04228005,-0.04151847,0.042287596,0.08106518,-0.05567848
2019-04-17,0.1255234611311305,0.0754379205524375,0.1812096489681984,0.1282205003366199,-78.68011358981585,-0.1985712993689919,-72.7278526907944,-0.8865853087493789,-0.7300518091061313,0.0,2,2,3,-0.057070304,0.039798003,0.00038044955,0.0058684074,0.04228005,-0.04151847,0.042287596,0.08106518,-0.05567848
2019-04-18,0.146208812888438,0.1373335447584914,0.0459372308343848,0.0250141627241799,-87.48426118649832,-0.3921074733491899,-75.6791343899352,-1.265086539955367,-0.4751206836415572,-3.1,3,2,3,0.069937125,0.043236163,0.056959245,0.0058684074,0.04228005,-0.04151847,0.042287596,0.08106518,-0.05567848
2019-04-19,0.0220967023445927,-0.0277214531243187,0.0771539427114187,0.0250141627241799,-93.3851259851922,-0.4701343460528925,-79.2203327089866,-1.265086539955367,-0.6604549355693211,0.0,4,2,3,-0.008513219,-0.054835368,0.041401174,0.0058684074,0.04228005,-0.04151847,0.042287596,0.08106518,-0.05567848
2019-04-22,0.0324393782232465,0.0032263589787081,0.0251260895830289,-0.005947738559552,-99.33725508975112,-0.5339119658550728,-83.24371718513952,-1.3748288241524314,-0.6608845579822694,-0.9,0,3,3,0.03226465,-0.061818756,-0.11054021,0.05990502,0.043066576,-0.07638767,0.042287596,0.08106518,-0.05567848
2019-04-23,-0.0192740011700223,0.0444901084494106,0.0355316602087069,0.0456554302466679,-98.8799516236386,-0.4153819716504232,-86.37096407283933,-0.9922164364826904,-0.6643870395202981,1.6,1,3,3,-0.024004012,-0.05113,-0.0500181,0.05990502,0.043066576,-0.07638767,0.042287596,0.08106518,-0.05567848
2019-04-24,0.0427820541019002,-0.0070895783889675,-0.0164961929196829,-0.047230273604528,-104.57431555618724,-0.483291268697953,-90.01163436950891,-1.3367178324875988,-0.5621612118253565,-2.9,2,3,3,-0.057070304,0.039798003,0.00038044955,0.05990502,0.043066576,-0.07638767,0.042287596,0.08106518,-0.05567848
2019-04-25,-0.0503020288059836,-0.0896170773303726,-0.1101463285507846,-0.1607572449782121,-116.6189104827572,-0.7056047059454416,-95.33308959215856,-1.67975646287004,-0.419083195444119,-3.6,3,3,3,0.069937125,0.043236163,0.056959245,0.05990502,0.043066576,-0.07638767,0.042287596,0.08106518,-0.05567848
2019-04-26,-0.1640714634711752,-0.1411967641687508,-0.1309574698021405,-0.1091540761719921,-120.73796450804412,-0.6737969548162673,-100.41406457533569,-1.321827977667741,-0.47407032703866,1.7,4,3,3,-0.008513219,-0.054835368,0.041401174,0.05990502,0.043066576,-0.07638767,0.042287596,0.08106518,-0.05567848
2019-04-29,-0.1123580840779063,-0.1102489520657238,-0.0789296166737507,-0.088512808649504,-120.9937707727786,-0.5461542295020168,-104.53000581482426,-1.1812649759444498,-0.540189213217057,0.7,0,4,3,0.03226465,-0.061818756,-0.11054021,0.03473005,-0.10417456,0.07247304,0.042287596,0.08106518,-0.05567848
2019-04-30,-0.0916727323205988,-0.1205648894333995,-0.0789296166737507,-0.1091540761719921,-121.41078399132812,-0.4483045415668978,-107.90616145012504,-1.254633616320891,-0.5890060685967987,-0.7,1,4,3,-0.024004012,-0.05113,-0.0500181,0.03473005,-0.10417456,0.07247304,0.042287596,0.08106518,-0.05567848
2019-05-01,-0.1123580840779063,-0.161828638904102,-0.0581184754223948,-0.1091540761719921,-120.35390507148712,-0.331035147469281,-110.39571017439746,-1.254633616320891,-0.7662056501706165,0.0,2,0,4,-0.057070304,0.039798003,0.00038044955,-0.026473107,-0.036194045,-8.8315915e-05,0.054283954,-0.05998832,0.063761964
2019-05-02,-0.1330434358352139,-0.1721445762717776,-0.2037964641818863,-0.1917191462619441,-124.53607793974244,-0.3758110239779901,-113.22378372746648,-1.5476618776782671,-0.5940545182048188,-2.7,3,0,4,0.069937125,0.043236163,0.056959245,-0.026473107,-0.036194045,-8.8315915e-05,0.054283954,-0.05998832,0.063761964
2019-05-03,-0.1950994911071365,-0.1927764510071289,-0.1829853229305304,-0.2226810475456761,-128.78665693407677,-0.4134413084079321,-116.33635836878854,-1.6478335722357904,-0.5661985677330761,-1.0,4,0,4,-0.008513219,-0.054835368,0.041401174,-0.026473107,-0.036194045,-8.8315915e-05,0.054283954,-0.05998832,0.063761964
2019-05-06,-0.2881835740150205,-0.2959358246838853,-0.297446599812988,-0.2639635825906521,-133.8401116226969,-0.4647844288667623,-119.83710901957022,-1.7771195614835782,-0.4679794050227219,-1.4,0,1,4,0.03226465,-0.061818756,-0.11054021,-0.08734597,0.027531724,-0.025769664,0.054283954,-0.05998832,0.063761964
2019-05-07,-0.2468128705004054,-0.2340402004778315,-0.2037964641818863,-0.2123604137844321,-132.28552356822365,-0.3310528958617103,-122.32679192930092,-1.3506081841776452,-0.5342193151784108,1.7,1,1,4,-0.024004012,-0.05113,-0.0500181,-0.08734597,0.027531724,-0.025769664,0.054283954,-0.05998832,0.063761964
2019-05-08,-0.2468128705004054,-0.2856198873162097,-0.2350131760589202,-0.2536429488294081,-132.7508973310355,-0.277502781561317,-124.41161300964784,-1.498939600735376,-0.5405533248916512,-1.4,2,1,4,-0.057070304,0.039798003,0.00038044955,-0.08734597,0.027531724,-0.025769664,0.054283954,-0.05998832,0.063761964
2019-05-09,-0.2571555463790592,-0.3062517620515609,-0.297446599812988,-0.3052461176356281,-135.59127965425205,-0.2974900404136516,-126.64754633856867,-1.6725419945216182,-0.493848359366689,-1.7,3,1,4,0.069937125,0.043236163,0.056959245,-0.08734597,0.027531724,-0.025769664,0.054283954,-0.05998832,0.063761964
2019-05-10,-0.267498222257713,-0.3062517620515609,-0.3494744529413779,-0.3155667513968722,-137.0691714498862,-0.2774371691347095,-128.7318713608322,-1.7065824050034892,-0.3786254888557098,-0.4,4,1,4,-0.008513219,-0.054835368,0.041401174,-0.08734597,0.027531724,-0.025769664,0.054283954,-0.05998832,0.063761964
2019-05-13,-0.3295542775296357,-0.3371995741545879,-0.3702855941927338,-0.4187730890093122,-144.64223001968548,-0.4226335237934428,-131.91394309260286,-2.0146590199647614,-0.2001080240269503,-3.6,0,2,4,0.03226465,-0.061818756,-0.11054021,0.0058684074,0.04228005,-0.04151847,0.054283954,-0.05998832,0.063761964
2019-05-14,-0.453666388073481,-0.5022545720373981,-0.4639357298238355,-0.4806968915767762,-153.7135183006435,-0.5784240658797482,-136.273858134211,-2.169991290182077,-0.1475697775933482,-2.2,1,2,4,-0.024004012,-0.05113,-0.0500181,0.0058684074,0.04228005,-0.04151847,0.054283954,-0.05998832,0.063761964
2019-05-15,-0.4226383604375196,-0.4403589478313442,-0.5159635829522253,-0.5529413279054842,-164.6529775714721,-0.7524762090790877,-141.94968202166322,-2.3308903483547105,0.1003455715714774,-2.6,2,2,4,-0.057070304,0.039798003,0.00038044955,0.0058684074,0.04228005,-0.04151847,0.054283954,-0.05998832,0.063761964
2019-05-16,-0.5570931468600188,-0.5950980083464787,-0.640830430460361,-0.6251857642341923,-176.9314373697398,-0.9271392086738964,-148.94603309127854,-2.4723373356704066,0.279755725241341,-2.7,3,2,4,0.069937125,0.043236163,0.056959245,0.0058684074,0.04228005,-0.04151847,0.054283954,-0.05998832,0.063761964
2019-05-17,-0.5777784986173263,-0.6157298830818301,-0.6616415717117169,-0.7077508343241443,-190.9167669852518,-1.1120223331440002,-157.3401798700732,-2.613318016738576,0.4768094146724747,-3.2,4,2,4,-0.008513219,-0.054835368,0.041401174,0.0058684074,0.04228005,-0.04151847,0.054283954,-0.05998832,0.063761964
2019-05-20,-0.7122332850398254,-0.7085733193909108,-0.7240749954657847,-0.7077508343241443,-199.69824441067885,-1.1222685944083832,-165.81179277819433,-2.613318016738576,0.4871416389435363,0.0,0,3,4,0.03226465,-0.061818756,-0.11054021,0.05990502,0.043066576,-0.07638767,0.054283954,-0.05998832,0.063761964
2019-05-21,-0.7225759609184792,-0.5950980083464787,-0.6720471423373949,-0.6355063979954363,-198.7185102635267,-0.8722471409792317,-172.39313627526082,-1.9804928912716344,0.5382974226001542,2.8,1,3,4,-0.024004012,-0.05113,-0.0500181,0.05990502,0.043066576,-0.07638767,0.054283954,-0.05998832,0.063761964
2019-05-22,-0.6501772297679027,-0.6054139457141544,-0.609613718583327,-0.5735825954279723,-190.89998909110227,-0.4913199490356806,-176.09450683842914,-1.4956300016919206,0.4309674298289353,2.3,2,3,4,-0.057070304,0.039798003,0.00038044955,0.05990502,0.043066576,-0.07638767,0.054283954,-0.05998832,0.063761964
2019-05-23,-0.5881211744959801,-0.5125705094050736,-0.5471802948292592,-0.5529413279054842,-181.0034270432934,-0.1316066875137388,-177.076290879402,-1.3403246058905751,0.4498582405693365,0.8,3,3,4,0.069937125,0.043236163,0.056959245,0.05990502,0.043066576,-0.07638767,0.054283954,-0.05998832,0.063761964
2019-05-24,-0.5570931468600188,-0.4713067599343711,-0.5471802948292592,-0.4806968915767762,-165.60294763782076,0.3017619416759268,-174.78162223108578,-0.8266837442130559,0.4875581509129472,2.6,4,3,4,-0.008513219,-0.054835368,0.041401174,0.05990502,0.043066576,-0.07638767,0.054283954,-0.05998832,0.063761964
2019-05-27,-0.4019530086802121,-0.4197270730959929,-0.3910967354440897,-0.4187730890093122,-146.8635071048975,0.7367841394489191,-169.1979992058481,-0.433619330815815,0.3982059190569356,2.2,0,4,4,0.03226465,-0.061818756,-0.11054021,0.03473005,-0.10417456,0.07247304,0.054283954,-0.05998832,0.063761964
2019-05-28,-0.4019530086802121,-0.3990951983606416,-0.4223134473211237,-0.4703762578155322,-134.49655503944587,0.916227109409081,-162.2577103725677,-0.6656456465149347,0.4732550553076489,-1.8,1,4,4,-0.024004012,-0.05113,-0.0500181,0.03473005,-0.10417456,0.07247304,0.054283954,-0.05998832,0.063761964
2019-05-29,-0.4743517398307885,-0.4919386346697224,-0.4639357298238355,-0.4910175253380202,-124.8700649022462,0.98728660497955,-154.7801812785034,-0.7560669505307605,0.3993690489335222,-0.7,2,4,4,-0.057070304,0.039798003,0.00038044955,0.03473005,-0.10417456,0.07247304,0.054283954,-0.05998832,0.063761964
2019-05-30,-0.495037091588096,-0.5435183215081006,-0.4431245885724796,-0.4910175253380202,-115.9049223172351,1.0266392268833056,-147.00512948624976,-0.7560669505307605,0.1515712446789674,0.0,3,4,4,0.069937125,0.043236163,0.056959245,0.03473005,-0.10417456,0.07247304,0.054283954,-0.05998832,0.063761964
2019-05-31,-0.5260651192240574,-0.5022545720373981,-0.4743413004495135,-0.4703762578155322,-105.9646547954494,1.0839168171060898,-138.7970345480897,-0.6040480300918787,0.0528075218402691,0.7,4,4,4,-0.008513219,-0.054835368,0.041401174,0.03473005,-0.10417456,0.07247304,0.054283954,-0.05998832,0.063761964
2019-06-03,-0.4743517398307885,-0.5228864467727493,-0.4223134473211237,-0.4703762578155322,-96.96912149723585,1.1047473381011466,-130.43145193791892,-0.6040480300918787,-0.1702358876219109,0.0,0,1,5,0.03226465,-0.061818756,-0.11054021,-0.08734597,0.027531724,-0.025769664,0.057732664,-0.03419831,0.019587442
2019-06-04,-0.4743517398307885,-0.5228864467727493,-0.4223134473211237,-0.4703762578155322,-88.8162777849916,1.099119644170383,-122.10841710733348,-0.6040480300918787,-0.3773476249796495,0.0,1,1,5,-0.024004012,-0.05113,-0.0500181,-0.08734597,0.027531724,-0.025769664,0.057732664,-0.03419831,0.019587442
2019-06-05,-0.4743517398307885,-0.5228864467727493,-0.4223134473211237,-0.4703762578155322,-81.41657085619636,1.074694365673338,-113.97004785710604,-0.6040480300918787,-0.569665666811835,0.0,2,1,5,-0.057070304,0.039798003,0.00038044955,-0.08734597,0.027531724,-0.025769664,0.057732664,-0.03419831,0.019587442
2019-06-06,-0.4743517398307885,-0.5228864467727493,-0.4223134473211237,-0.4703762578155322,-74.69125550336594,1.037314107903224,-106.11428938635804,-0.6040480300918787,-0.7482467056560069,0.0,3,1,5,0.069937125,0.043236163,0.056959245,-0.08734597,0.027531724,-0.025769664,0.057732664,-0.03419831,0.019587442
2019-06-07,-0.4743517398307885,-0.5228864467727493,-0.4223134473211237,-0.4703762578155322,-68.57095138928707,0.9914052212570303,-98.60562178694384,-0.6040480300918787,-0.9140719560113102,0.0,4,1,5,-0.008513219,-0.054835368,0.041401174,-0.08734597,0.027531724,-0.025769664,0.057732664,-0.03419831,0.019587442
2019-06-10,-0.4433237121948272,-0.4094111357283173,-0.4015023060697677,-0.3671699202030922,-55.01719800772253,1.1513190541231997,-89.8879370310996,0.313022593000252,-0.9069564395354578,3.6,0,2,5,0.03226465,-0.061818756,-0.11054021,0.0058684074,0.04228005,-0.04151847,0.057732664,-0.03419831,0.019587442
2019-06-11,-0.3398969534082894,-0.2340402004778315,-0.2870410291873101,-0.2330016813069201,-33.40081347222076,1.4925351418825532,-78.59051231932384,1.1139316528407726,-0.7868426742564332,4.5,1,2,5,-0.024004012,-0.05113,-0.0500181,0.0058684074,0.04228005,-0.04151847,0.057732664,-0.03419831,0.019587442
2019-06-12,-0.2261275187430979,-0.1721445762717776,-0.1829853229305304,-0.2226810475456761,-15.286542813668802,1.6728647521961086,-65.92971841819283,1.1647949472797126,-0.7356100587772438,0.3,2,2,5,-0.057070304,0.039798003,0.00038044955,0.0058684074,0.04228005,-0.04151847,0.057732664,-0.03419831,0.019587442
2019-06-13,-0.2261275187430979,-0.2546720752131828,-0.2558243173102761,-0.2846048501131401,-5.70656958758218,1.591366182899639,-53.88508865207071,0.6496200815354127,-0.6516130611444292,-2.1,3,2,5,0.069937125,0.043236163,0.056959245,0.0058684074,0.04228005,-0.04151847,0.057732664,-0.03419831,0.019587442
2019-06-14,-0.2881835740150205,-0.3062517620515609,-0.2870410291873101,-0.2949254838743841,1.0664187757347463,1.4519126808984333,-42.89478716650962,0.568228019801123,-0.6514882771432852,-0.3,4,2,5,-0.008513219,-0.054835368,0.041401174,0.0058684074,0.04228005,-0.04151847,0.057732664,-0.03419831,0.019587442
2019-06-17,-0.2985262498936743,-0.3268836367869122,-0.3494744529413779,-0.3981318214868242,-1.616469757572304,1.0902085955931535,-34.63912368472216,-0.1511265566127647,-0.4866777724008959,-3.5,0,3,5,0.03226465,-0.061818756,-0.11054021,0.05990502,0.043066576,-0.07638767,0.057732664,-0.03419831,0.019587442
2019-06-18,-0.4226383604375196,-0.4094111357283173,-0.3910967354440897,-0.4187730890093122,-5.295468240846276,0.7744947070606807,-28.770392595946984,-0.2762214588644991,-0.481512272671908,-0.7,1,3,5,-0.024004012,-0.05113,-0.0500181,0.05990502,0.043066576,-0.07638767,0.057732664,-0.03419831,0.019587442
2019-06-20,-0.2157848428644441,-0.2340402004778315,-0.2037964641818863,-0.2226810475456761,7.039167913179426,0.9455406937009524,-21.608480494121704,0.8209439934933032,-0.3585519650535381,6.7,3,3,5,0.069937125,0.043236163,0.056959245,0.05990502,0.043066576,-0.07638767,0.057732664,-0.03419831,0.019587442
2019-06-21,-0.2054421669857903,-0.2237242631101558,-0.297446599812988,-0.2846048501131401,11.836513413761168,0.8829895700446596,-14.91948171254513,0.4458114568636085,-0.150294828839555,-2.1,4,3,5,-0.008513219,-0.054835368,0.041401174,0.05990502,0.043066576,-0.07638767,0.057732664,-0.03419831,0.019587442
2019-06-24,-0.2778408981363667,-0.2856198873162097,-0.2662298879359541,-0.2433223150681641,18.65111158756463,0.8863121168108229,-8.205363052523179,0.6388722871219848,-0.2337647873180982,1.4,0,4,5,0.03226465,-0.061818756,-0.11054021,0.03473005,-0.10417456,0.07247304,0.057732664,-0.03419831,0.019587442
2019-06-25,-0.2468128705004054,-0.1102489520657238,-0.2142020348075643,-0.0781921748882601,36.54116871419046,1.1819550936810932,0.7439433008195495,1.274547966780052,-0.1887004611909624,5.3,1,4,5,-0.024004012,-0.05113,-0.0500181,0.03473005,-0.10417456,0.07247304,0.057732664,-0.03419831,0.019587442
2019-06-26,-0.081330056441945,-0.0896170773303726,-0.0893351872994287,-0.1091540761719921,47.74800926964736,1.2416748330026626,10.144756494585112,1.0852773531076254,-0.1740673714968659,-1.0,2,4,5,-0.057070304,0.039798003,0.00038044955,0.03473005,-0.10417456,0.07247304,0.057732664,-0.03419831,0.019587442
2019-06-27,-0.0606447046846374,-0.04835332785967,-0.0581184754223948,-0.005947738559552,63.96136857355623,1.4218906974767969,20.90807891037933,1.4241100111831435,-0.2595230867883054,3.2,3,4,5,0.069937125,0.043236163,0.056959245,0.03473005,-0.10417456,0.07247304,0.057732664,-0.03419831,0.019587442
2019-06-28,0.0014113505872851,-0.0380373904919944,0.0043149483316729,-0.036909639843284,73.54207607862963,1.390606363392331,31.4348783440294,1.232065164070126,-0.3213115847283394,-1.0,4,4,5,-0.008513219,-0.054835368,0.041401174,0.03473005,-0.10417456,0.07247304,0.057732664,-0.03419831,0.019587442
2019-07-01,0.0014113505872851,0.0238582337140594,0.0251260895830289,0.0043728952016919,83.40112525122413,1.3729420146153315,41.82812772546835,1.3685818650796029,-0.343848294799044,1.3,0,0,6,0.03226465,-0.061818756,-0.11054021,-0.026473107,-0.036194045,-8.8315915e-05,-0.05985399,0.019044064,0.0018908288
2019-07-02,-0.0192740011700223,-0.0689852025950213,-0.0373073341710388,-0.0781921748882601,83.79324497047901,1.1083768727948835,50.22115117447048,0.8645863834412586,-0.2998139597154149,-2.6,1,0,6,-0.024004012,-0.05113,-0.0500181,-0.026473107,-0.036194045,-8.8315915e-05,-0.05985399,0.019044064,0.0018908288
2019-07-03,-0.174414139349829,-0.2237242631101558,-0.2142020348075643,-0.2330016813069201,71.17974053433454,0.5526801448439199,54.41286904644329,0.0965858120537811,-0.0022806016386969,-5.0,2,0,6,-0.057070304,0.039798003,0.00038044955,-0.026473107,-0.036194045,-8.8315915e-05,-0.05985399,0.019044064,0.0018908288
2019-07-04,-0.2157848428644441,-0.2134083257424802,-0.1933908935562084,-0.2226810475456761,61.283920927277,0.1800151082997757,55.787079422610034,0.1416002378920298,-0.0699783321743368,0.3,3,0,6,0.069937125,0.043236163,0.056959245,-0.026473107,-0.036194045,-8.8315915e-05,-0.05985399,0.019044064,0.0018908288
2019-07-05,-0.2054421669857903,-0.2443561378455071,-0.2454187466845982,-0.2846048501131401,48.04606885989824,-0.2065254629402166,54.23887731006768,-0.1353061525623675,-0.0206496536354229,-2.1,4,0,6,-0.008513219,-0.054835368,0.041401174,-0.026473107,-0.036194045,-8.8315915e-05,-0.05985399,0.019044064,0.0018908288
2019-07-08,-0.2881835740150205,-0.2856198873162097,-0.2766354585616321,-0.2536429488294081,39.52016118477377,-0.3911103772550586,51.2951340850089,0.0134845523463536,-0.0845302231244055,1.0,0,1,6,0.03226465,-0.061818756,-0.11054021,-0.08734597,0.027531724,-0.025769664,-0.05985399,0.019044064,0.0018908288
2019-07-09,-0.2364701946217516,-0.1721445762717776,-0.1829853229305304,-0.1917191462619441,37.17627156825438,-0.3752421343289816,48.471361581658,0.299921499538516,-0.0946224961082097,2.0,1,1,6,-0.024004012,-0.05113,-0.0500181,-0.08734597,0.027531724,-0.025769664,-0.05985399,0.019044064,0.0018908288
2019-07-10,-0.1640714634711752,-0.2030923883748046,-0.2037964641818863,-0.2433223150681641,30.92762561151449,-0.4658421126833339,44.9626143876293,0.0483895275641848,-0.0570758999369431,-1.7,2,1,6,-0.057070304,0.039798003,0.00038044955,-0.08734597,0.027531724,-0.025769664,-0.05985399,0.019044064,0.0018908288
2019-07-11,-0.1950994911071365,-0.1411967641687508,-0.1829853229305304,-0.1091540761719921,36.04988162134441,-0.2375216465148215,43.18006783437232,0.6203273989406538,-0.1003423129935393,4.4,3,1,6,0.069937125,0.043236163,0.056959245,-0.08734597,0.027531724,-0.025769664,-0.05985399,0.019044064,0.0018908288
2019-07-12,-0.0606447046846374,-0.0999330146980482,-0.1517686110534965,-0.1607572449782121,35.66361631142399,-0.2005850845820873,41.67677752978266,0.3671640645122395,0.029529385476064,-1.7,4,1,6,-0.008513219,-0.054835368,0.041401174,-0.08734597,0.027531724,-0.025769664,-0.05985399,0.019044064,0.0018908288
2019-07-15,-0.1020154081992525,-0.1205648894333995,-0.1101463285507846,-0.1607572449782121,34.95456381719623,-0.1795746941526856,40.33233478726538,0.3671640645122395,-0.0142393371719638,0.0,0,2,6,0.03226465,-0.061818756,-0.11054021,0.0058684074,0.04228005,-0.04151847,-0.05985399,0.019044064,0.0018908288
2019-07-16,-0.1330434358352139,-0.0896170773303726,-0.0893351872994287,-0.0988334424107481,38.787020537477474,-0.0426274505083718,40.02327193730781,0.6317154163766983,-0.0559546461809307,2.0,1,2,6,-0.024004012,-0.05113,-0.0500181,0.0058684074,0.04228005,-0.04151847,-0.05985399,0.019044064,0.0018908288
2019-07-17,-0.081330056441945,-0.0380373904919944,-0.0373073341710388,-0.02658900608204,46.93168582501994,0.1810034651136929,41.40495471485024,0.9135875454977436,-0.1257520444142533,2.3,2,2,6,-0.057070304,0.039798003,0.00038044955,0.0058684074,0.04228005,-0.04151847,-0.05985399,0.019044064,0.0018908288
2019-07-18,0.0220967023445927,0.0754379205524375,0.0563428014600628,0.0250141627241799,56.76660380443354,0.404621340850368,44.4772845327669,1.09993469857882,-0.0997607389658631,1.6,3,2,6,0.069937125,0.043236163,0.056959245,0.0058684074,0.04228005,-0.04151847,-0.05985399,0.019044064,0.0018908288
2019-07-19,0.0944954334951691,0.0960697952877888,0.0147205189573509,-0.016268372320796,60.63422781902318,0.4256596764223334,47.70867319001816,0.8540477321429595,0.0626119056756942,-1.3,4,2,6,-0.008513219,-0.054835368,0.041401174,0.0058684074,0.04228005,-0.04151847,-0.05985399,0.019044064,0.0018908288
2019-07-22,-0.0296166770486761,-0.0793011399626969,-0.1101463285507846,-0.1401159774557241,53.40077965018008,0.1488278451650949,48.847094482050544,0.2043667537158016,0.2288999822844513,-3.9,0,3,6,0.03226465,-0.061818756,-0.11054021,0.05990502,0.043066576,-0.07638767,-0.05985399,0.019044064,0.0018908288
2019-07-23,-0.1433861117138676,-0.0896170773303726,-0.0893351872994287,-0.1091540761719921,49.5181546785775,0.0160034681501168,48.98130652135593,0.3400537856089542,0.1572613312263681,1.0,1,3,6,-0.024004012,-0.05113,-0.0500181,0.05990502,0.043066576,-0.07638767,-0.05985399,0.019044064,0.0018908288
2019-07-24,-0.081330056441945,-0.0999330146980482,-0.0789296166737507,-0.1091540761719921,45.911902581981394,-0.0829449964749255,48.36742573348103,0.3400537856089542,0.0820460831723743,0.0,2,3,6,-0.057070304,0.039798003,0.00038044955,0.05990502,0.043066576,-0.07638767,-0.05985399,0.019044064,0.0018908288
2019-07-25,-0.0709873805632912,-0.0999330146980482,-0.1309574698021405,-0.1607572449782121,38.57467484154904,-0.2608012287300918,46.40887555509464,0.068949136926116,0.162243391554378,-1.7,3,3,6,0.069937125,0.043236163,0.056959245,0.05990502,0.043066576,-0.07638767,-0.05985399,0.019044064,0.0018908288
2019-07-26,-0.1640714634711752,-0.2134083257424802,-0.2142020348075643,-0.2433223150681641,26.00477077321557,-0.5415089529200939,42.32805459871883,-0.323591511338786,0.2163607176634604,-2.7,4,3,6,-0.008513219,-0.054835368,0.041401174,0.05990502,0.043066576,-0.07638767,-0.05985399,0.019044064,0.0018908288
2019-07-29,-0.2468128705004054,-0.2649880125808584,-0.2558243173102761,-0.2536429488294081,15.062483873259223,-0.7230189194715253,36.874940453626905,-0.3704567757490901,0.1752260847828824,-0.3,0,4,6,0.03226465,-0.061818756,-0.11054021,0.03473005,-0.10417456,0.07247304,-0.05985399,0.019044064,0.0018908288
2019-07-30,-0.2054421669857903,-0.1515127015364264,-0.1621741816791744,-0.1504366112169681,14.295022810634691,-0.5990668746368536,32.358956925028465,0.1766885637871644,0.1383673771877003,3.4,1,4,6,-0.024004012,-0.05113,-0.0500181,0.03473005,-0.10417456,0.07247304,-0.05985399,0.019044064,0.0018908288
2019-07-31,-0.1433861117138676,-0.161828638904102,-0.1205518991764626,-0.1297953436944801,15.126271005894068,-0.4576137421253909,28.91241974120159,0.276928795302473,0.006784717926663,0.7,2,4,6,-0.057070304,0.039798003,0.00038044955,0.03473005,-0.10417456,0.07247304,-0.05985399,0.019044064,0.0018908288
2019-08-01,-0.1123580840779063,-0.1515127015364264,-0.1933908935562084,-0.2226810475456761,8.425667500687723,-0.5436952696016476,24.81506929309882,-0.1885015663348861,0.1564063468207163,-3.0,3,0,7,0.069937125,0.043236163,0.056959245,-0.026473107,-0.036194045,-8.8315915e-05,-0.011924039,-0.05533354,-0.0361172
2019-08-02,-0.267498222257713,-0.2649880125808584,-0.2558243173102761,-0.2742842163518961,-0.9087160717749612,-0.6822332606151638,19.670312220124064,-0.4195768711264629,0.1621651147003901,-1.7,4,0,7,-0.008513219,-0.054835368,0.041401174,-0.026473107,-0.036194045,-8.8315915e-05,-0.011924039,-0.05533354,-0.0361172
2019-08-05,-0.3192116016509819,-0.3371995741545879,-0.307852170438666,-0.3568492864418481,-14.593390197530423,-0.9081441769336298,12.817571736593166,-0.7555017223278859,0.1853035993196556,-2.8,0,1,7,0.03226465,-0.061818756,-0.11054021,-0.08734597,0.027531724,-0.025769664,-0.011924039,-0.05533354,-0.0361172
2019-08-06,-0.3709249810442507,-0.2340402004778315,-0.3702855941927338,-0.2123604137844321,-13.980603370729114,-0.7106546574155775,7.457936715128711,-0.0141960673855288,0.2709413434471536,4.9,1,1,7,-0.024004012,-0.05113,-0.0500181,-0.08734597,0.027531724,-0.025769664,-0.011924039,-0.05533354,-0.0361172
2019-08-07,-0.2054421669857903,-0.1721445762717776,-0.1517686110534965,-0.1710778787394561,-10.150293425277596,-0.4675482108820887,3.9362906870474497,0.1691953348240556,0.169023034376205,1.3,2,1,7,-0.057070304,0.039798003,0.00038044955,-0.08734597,0.027531724,-0.025769664,-0.011924039,-0.05533354,-0.0361172
2019-08-08,-0.0296166770486761,0.0135422963463837,-0.0269017635453609,-0.047230273604528,2.538984092386727,-0.0387121261808312,3.6568293681153055,0.6610852920771743,0.2594773166854971,3.9,3,1,7,0.069937125,0.043236163,0.056959245,-0.08734597,0.027531724,-0.025769664,-0.011924039,-0.05533354,-0.0361172
2019-08-09,0.0117540264659389,0.0548060458170863,-0.0060906222940049,0.0972585990528879,23.619882613720165,0.5263447045333854,7.649440017236278,1.1236141896689718,0.179966463015682,4.4,4,1,7,-0.008513219,-0.054835368,0.041401174,-0.08734597,0.027531724,-0.025769664,-0.011924039,-0.05533354,-0.0361172
2019-08-12,0.146208812888438,0.1063857326554645,0.0355316602087069,0.0869379652916439,39.06936284993617,0.829419300055252,13.933424583776258,1.0709521071754962,0.2677921837568642,-0.3,0,2,7,0.03226465,-0.061818756,-0.11054021,0.0058684074,0.04228005,-0.04151847,-0.011924039,-0.05533354,-0.0361172
2019-08-13,0.0841527576165153,0.1785972942291939,0.1083706545884526,0.190144302904084,58.70562955523428,1.1826342404658674,22.887865578067867,1.3687747555726166,0.2379401807179998,3.0,1,2,7,-0.024004012,-0.05113,-0.0500181,0.0058684074,0.04228005,-0.04151847,-0.011924039,-0.05533354,-0.0361172
2019-08-14,0.1979221922817069,0.2508088558029234,0.2020207902195543,0.262388739232792,79.00520455733158,1.4827530359551786,34.111333373920615,1.555655817720867,0.1990503379141702,2.1,2,2,7,-0.057070304,0.039798003,0.00038044955,0.0058684074,0.04228005,-0.04151847,-0.011924039,-0.05533354,-0.0361172
2019-08-15,0.1979221922817069,0.2508088558029234,0.2332375020965882,0.293350640516524,96.4022481680081,1.64606588321922,46.56951633273812,1.6331188240035728,0.1456153776818314,0.9,3,2,7,0.069937125,0.043236163,0.056959245,0.0058684074,0.04228005,-0.04151847,-0.011924039,-0.05533354,-0.0361172
2019-08-16,0.3220343028255522,0.405547916318058,0.3685099202304018,0.406877611890208,117.70873819725011,1.880134802834298,60.79736070564052,1.8957775183998709,0.0902617276158371,3.1,4,2,7,-0.008513219,-0.054835368,0.041401174,0.0058684074,0.04228005,-0.04151847,-0.011924039,-0.05533354,-0.0361172
2019-08-19,0.3840903580974749,0.3539682294796797,0.3685099202304018,0.3346331755615,127.4764014600778,1.7621472866446408,74.13316885652799,1.4861011635268573,0.076680924163647,-2.0,0,3,7,0.03226465,-0.061818756,-0.11054021,0.05990502,0.043066576,-0.07638767,-0.011924039,-0.05533354,-0.0361172
2019-08-20,0.3013489510682447,0.2817566679059503,0.2852653552249781,0.262388739232792,128.0923609798424,1.425662442362285,84.92500728119087,1.105921853551281,0.0855279167581521,-2.0,1,3,7,-0.024004012,-0.05113,-0.0500181,0.05990502,0.043066576,-0.07638767,-0.011924039,-0.05533354,-0.0361172
2019-08-21,0.2496355716749758,0.261124793170599,0.2228319314709103,0.293350640516524,129.50837073487355,1.1776387164981366,93.84167997192742,1.1974373533334626,0.0755419292358809,0.9,2,3,7,-0.057070304,0.039798003,0.00038044955,0.05990502,0.043066576,-0.07638767,-0.011924039,-0.05533354,-0.0361172
2019-08-22,0.3013489510682447,0.261124793170599,0.2436430727222662,0.190144302904084,121.1646932411245,0.7210415971051465,99.30628262576684,0.6803847898939864,0.1510289256175909,-3.0,3,3,7,0.069937125,0.043236163,0.056959245,0.05990502,0.043066576,-0.07638767,-0.011924039,-0.05533354,-0.0361172
2019-08-23,0.1979221922817069,0.1579654194938426,0.1708040783425204,0.1488617678591079,110.05594656378662,0.282618072528503,101.4562154133708,0.4891227887758493,0.1186868788282568,-1.2,4,3,7,-0.008513219,-0.054835368,0.041401174,0.05990502,0.043066576,-0.07638767,-0.011924039,-0.05533354,-0.0361172
2019-08-26,0.0738100817378616,0.034174171081735,-0.0269017635453609,-0.02658900608204,86.53706017483228,-0.3964126985140698,98.4723843656631,-0.2124440575234468,0.4678749221253874,-5.3,0,4,7,0.03226465,-0.061818756,-0.11054021,0.03473005,-0.10417456,0.07247304,-0.011924039,-0.05533354,-0.0361172
2019-08-27,0.0014113505872851,0.0238582337140594,0.0459372308343848,0.0456554302466679,72.70845049488389,-0.6832953301530593,93.31959759150726,0.0689375311313967,0.3283372763178147,2.2,1,4,7,-0.024004012,-0.05113,-0.0500181,0.03473005,-0.10417456,0.07247304,-0.011924039,-0.05533354,-0.0361172
2019-08-28,0.0427820541019002,0.147649482126167,0.0563428014600628,0.1798236691428399,71.41585373145017,-0.5811796940062575,88.93884881949585,0.5314350132421025,0.3002293937796102,4.0,2,4,7,-0.057070304,0.039798003,0.00038044955,0.03473005,-0.10417456,0.07247304,-0.011924039,-0.05533354,-0.0361172
2019-08-29,0.2186075440390144,0.2508088558029234,0.2748597845993001,0.272709372994036,76.76876676600796,-0.3236900200122815,86.50483240879828,0.8105786552976628,0.1848959357991262,2.7,3,4,7,0.069937125,0.043236163,0.056959245,0.03473005,-0.10417456,0.07247304,-0.011924039,-0.05533354,-0.0361172
2019-08-30,0.3530623304615136,0.3539682294796797,0.32688763772769,0.38623634436772,88.86271553364122,0.0606258820503524,86.97640903376687,1.1154616543847855,0.0762725617843678,3.2,4,4,7,-0.008513219,-0.054835368,0.041401174,0.03473005,-0.10417456,0.07247304,-0.011924039,-0.05533354,-0.0361172
2019-09-02,0.6633426068211269,1.148295406790704,0.7222993215034528,0.8403442298624562,132.4250661004926,1.200528783438941,96.06614044711202,1.9528701908237,0.705890501988199,11.7,0,1,8,0.03226465,-0.061818756,-0.11054021,-0.08734597,0.027531724,-0.025769664,-0.10072773,0.059683666,0.019388527
2019-09-03,0.8184827450009335,0.8594491604957859,0.6806770390007408,0.6958553572050401,153.8779041104135,1.5275765430967334,107.62849317977232,1.424722921462033,0.9971777978719516,-3.6,1,1,8,-0.024004012,-0.05113,-0.0500181,-0.08734597,0.027531724,-0.025769664,-0.10072773,0.059683666,0.019388527
2019-09-04,0.7047133103357419,0.8388172857604347,0.7639216040061646,0.7371378922500161,172.12297202006175,1.7043579216274636,120.52738894783022,1.4942595975689283,0.9583115602053496,1.0,2,1,8,-0.057070304,0.039798003,0.00038044955,-0.08734597,0.027531724,-0.025769664,-0.10072773,0.059683666,0.019388527
2019-09-05,0.7150559862143957,0.6840782252453002,0.6286491858723511,0.5926490195926001,173.2879343763948,1.3939540110649502,131.07949803354313,0.9972066687754386,1.0649373690758634,-3.7,3,1,8,0.069937125,0.043236163,0.056959245,-0.08734597,0.027531724,-0.025769664,-0.10072773,0.059683666,0.019388527
2019-09-06,0.5288878203986278,0.6221826010392463,0.5662157621182833,0.5823283858313562,171.42814209857715,1.0656154577792845,139.14922684654994,0.962798477013978,1.0345607429308814,-0.3,4,1,8,-0.008513219,-0.054835368,0.041401174,-0.08734597,0.027531724,-0.025769664,-0.10072773,0.059683666,0.019388527
2019-09-09,0.6323145791851655,0.6943941626129758,0.618243615246673,0.6752140896825521,175.1969300051469,0.9518404064292956,146.35876747826933,1.157189668622625,0.931067816899181,2.4,0,2,8,0.03226465,-0.061818756,-0.11054021,0.0058684074,0.04228005,-0.04151847,-0.10072773,0.059683666,0.019388527
2019-09-10,0.7253986620930495,0.6943941626129758,0.6702714683750629,0.6236109208763321,172.16453386351122,0.6809050674740953,151.5199207553177,0.9715851775504358,0.8993889828730379,-1.3,1,2,8,-0.024004012,-0.05113,-0.0500181,0.0058684074,0.04228005,-0.04151847,-0.10072773,0.059683666,0.019388527
2019-09-11,0.6219719033065118,0.6943941626129758,0.6806770390007408,0.7371378922500161,176.60166470566628,0.6617521212931228,156.53626954538743,1.2145849730654965,0.6946929177303337,2.9,2,2,8,-0.057070304,0.039798003,0.00038044955,0.0058684074,0.04228005,-0.04151847,-0.10072773,0.059683666,0.019388527
2019-09-12,0.7150559862143957,0.7356579120836784,0.7222993215034528,0.7164966247275282,176.47005308962616,0.5255704177323397,160.5230262542352,1.1358169904294184,0.6284914258067934,-0.5,3,2,8,0.069937125,0.043236163,0.056959245,0.0058684074,0.04228005,-0.04151847,-0.10072773,0.059683666,0.019388527
2019-09-13,0.6736852826997807,0.6428144757745976,0.5662157621182833,0.5410458507863801,160.79463027831662,0.005436443975467,160.57734705905148,0.5150514835052493,0.8447303198543543,-4.5,4,2,8,-0.008513219,-0.054835368,0.041401174,0.0058684074,0.04228005,-0.04151847,-0.10072773,0.059683666,0.019388527
2019-09-16,0.5082024686413202,0.5293391647301656,0.4621600558615035,0.427518879412696,137.9059698959136,-0.6014863014151772,156.0430716264239,0.1671051425706628,0.9590451200268604,-3.0,0,3,8,0.03226465,-0.061818756,-0.11054021,0.05990502,0.043066576,-0.07638767,-0.10072773,0.059683666,0.019388527
2019-09-17,0.4358037374907438,0.4261797910534092,0.4413489146101476,0.4481601469351841,119.99712236102914,-0.9552908899508952,148.83388177334496,0.2258880725531947,0.7988510872785886,0.6,1,3,8,-0.024004012,-0.05113,-0.0500181,0.05990502,0.043066576,-0.07638767,-0.10072773,0.059683666,0.019388527
2019-09-18,0.4564890892480513,0.5809188515685437,0.4933767677385374,0.6029696533538441,116.56429739938405,-0.8553927237621597,142.37996489855277,0.6413511858809672,0.6792108049150843,4.1,2,3,8,-0.057070304,0.039798003,0.00038044955,0.05990502,0.043066576,-0.07638767,-0.10072773,0.059683666,0.019388527
2019-09-19,0.6323145791851655,0.6015507263038951,0.5870269033696391,0.5513664845476242,108.55779012288848,-0.8964642140527888,135.61552994341992,0.4702840841058854,0.6511286606812063,-1.3,3,3,8,0.069937125,0.043236163,0.056959245,0.05990502,0.043066576,-0.07638767,-0.10072773,0.059683666,0.019388527
2019-09-20,0.5806011997918966,0.6737622878776245,0.6078380446209951,0.7268172584887722,114.60901330941896,-0.5574448704088532,131.41422661661974,0.9005958100015234,0.4939212365323977,4.5,4,3,8,-0.008513219,-0.054835368,0.041401174,0.05990502,0.043066576,-0.07638767,-0.10072773,0.059683666,0.019388527
2019-09-23,0.6529999309424731,0.6737622878776245,0.6910826096264189,0.6855347234437962,114.85303132382978,-0.4398504474986195,128.10198755806175,0.7577982398418222,0.4135065331192527,-1.0,0,4,8,0.03226465,-0.061818756,-0.11054021,0.03473005,-0.10417456,0.07247304,-0.10072773,0.059683666,0.019388527
2019-09-24,0.6323145791851655,0.5912347889362194,0.5558101914926052,0.4997633157414041,99.3763727160458,-0.7616422342178004,122.35686458965856,0.1725928433791131,0.6174136388360727,-4.8,1,4,8,-0.024004012,-0.05113,-0.0500181,0.03473005,-0.10417456,0.07247304,-0.10072773,0.059683666,0.019388527
2019-09-25,0.4978597927626664,0.4674435405241117,0.4933767677385374,0.4378395131739401,81.33196642543362,-1.0870016432387506,114.1518849568136,-0.0025575488740339,0.5437234519296763,-1.7,2,4,8,-0.057070304,0.039798003,0.00038044955,0.03473005,-0.10417456,0.07247304,-0.10072773,0.059683666,0.019388527
2019-09-26,0.4875171168840126,0.51902322736249,0.5037823383642155,0.5410458507863801,74.24495903050456,-1.0574273357688722,106.1704997715518,0.2871480756065189,0.4035793894865848,2.8,3,4,8,0.069937125,0.043236163,0.056959245,0.03473005,-0.10417456,0.07247304,-0.10072773,0.059683666,0.019388527
2019-09-27,0.518545144519974,0.488075415259463,0.4517544852358256,0.406877611890208,57.47599358968546,-1.2898898170184523,96.43159853517852,-0.0935915429898613,0.5070702448710435,-3.6,4,4,8,-0.008513219,-0.054835368,0.041401174,0.03473005,-0.10417456,0.07247304,-0.10072773,0.059683666,0.019388527
2019-09-30,0.42546106161209,0.3849160415827067,0.3893210614817577,0.365595076845232,40.492034984033126,-1.4815471292567195,85.24368582494945,-0.2046325148095207,0.4581023083935823,-1.1,0,5,8,0.03226465,-0.061818756,-0.11054021,-0.015152595,-0.04961825,0.09807017,-0.10072773,0.059683666,0.019388527
2019-10-01,0.3116916269468984,0.3023885426413016,0.2644542139736222,0.23142683794906,16.353696646453045,-1.8241315480639704,71.46568798925017,-0.5460371283352043,0.5948453797802957,-3.8,1,0,9,-0.024004012,-0.05113,-0.0500181,-0.026473107,-0.036194045,-8.8315915e-05,0.08737439,0.0066707456,-0.02670351
2019-10-02,0.2703209234322833,0.2508088558029234,0.2124263608452323,0.1798236691428399,-6.733077796339785,-2.0703815104599936,55.82593483213218,-0.6692539369286936,0.6330850062608785,-1.5,2,0,9,-0.057070304,0.039798003,0.00038044955,-0.026473107,-0.036194045,-8.8315915e-05,0.08737439,0.0066707456,-0.02670351
2019-10-03,0.1772368405243994,0.4364957284210848,0.2228319314709103,0.4481601469351841,-4.003535518797889,-1.584448879250491,43.860040761946166,0.1378660997675825,0.6308052739678551,7.5,3,0,9,0.069937125,0.043236163,0.056959245,-0.026473107,-0.036194045,-8.8315915e-05,0.08737439,0.0066707456,-0.02670351
2019-10-04,0.4564890892480513,0.488075415259463,0.4205377733587917,0.4894426819801601,1.3715022829096597,-1.1257200901084494,35.362333066138866,0.2451904440420164,0.6058748585167879,1.1,4,0,9,-0.008513219,-0.054835368,0.041401174,-0.026473107,-0.036194045,-8.8315915e-05,0.08737439,0.0066707456,-0.02670351
2019-10-07,0.5082024686413202,0.4983913526271387,0.4725656264871815,0.4791220482189161,4.769363782447726,-0.8110403431693198,29.24373920940064,0.2147405411729704,0.5653661716809002,-0.3,0,1,9,0.03226465,-0.061818756,-0.11054021,-0.08734597,0.027531724,-0.025769664,0.08737439,0.0066707456,-0.02670351
2019-10-08,0.42546106161209,0.4468116657887604,0.4205377733587917,0.427518879412696,3.3885502703196835,-0.6857093484592487,24.07270142158445,0.0583239043870618,0.5685762538363971,-1.4,1,1,9,-0.024004012,-0.05113,-0.0500181,-0.08734597,0.027531724,-0.025769664,0.08737439,0.0066707456,-0.02670351
2019-10-09,0.4047757098547824,0.4364957284210848,0.4621600558615035,0.4481601469351841,3.863541960016392,-0.5363519618543414,20.03086952927084,0.122519274599026,0.4218014273851543,0.6,2,1,9,-0.057070304,0.039798003,0.00038044955,-0.08734597,0.027531724,-0.025769664,0.08737439,0.0066707456,-0.02670351
2019-10-10,0.4771744410053589,0.6324985384069219,0.5141879089898934,0.6545728221600642,20.146073432456888,0.0012991093379731,20.05391030990805,0.700200302991802,0.3605942946864782,5.4,3,1,9,0.069937125,0.043236163,0.056959245,-0.08734597,0.027531724,-0.025769664,0.08737439,0.0066707456,-0.02670351
2019-10-11,0.6426572550638193,0.6737622878776245,0.6494603271237069,0.6958553572050401,35.864340843258105,0.4164931923638506,23.215996416578065,0.8025895525818153,0.28325206500264,1.0,4,1,9,-0.008513219,-0.054835368,0.041401174,-0.08734597,0.027531724,-0.025769664,0.08737439,0.0066707456,-0.02670351
2019-10-14,0.6529999309424731,0.7769216615543809,0.7118937508777747,0.6958553572050401,47.770512280857474,0.6478050795014311,28.126899589433947,0.8025895525818153,0.3065336545622248,0.0,0,2,9,0.03226465,-0.061818756,-0.11054021,0.0058684074,0.04228005,-0.04151847,0.08737439,0.0066707456,-0.02670351
2019-10-15,0.6323145791851655,0.6428144757745976,0.5974324739953172,0.5410458507863801,44.58850400796973,0.4337190375536543,31.419220473141102,0.2479140411510811,0.4344796912156919,-4.0,1,2,9,-0.024004012,-0.05113,-0.0500181,0.0058684074,0.04228005,-0.04151847,0.08737439,0.0066707456,-0.02670351
2019-10-16,0.559915848034589,0.5396551020978412,0.4829711971128595,0.4481601469351841,34.40785930404945,0.0773115944114508,32.01694823932277,-0.0447378613109726,0.5296117218374008,-2.5,2,2,9,-0.057070304,0.039798003,0.00038044955,0.0058684074,0.04228005,-0.04151847,0.08737439,0.0066707456,-0.02670351
2019-10-17,0.3634050063401673,0.3642841668473554,0.3893210614817577,0.365595076845232,19.65769197984946,-0.3286943447561695,29.54509698742811,-0.287943593819904,0.5342284621018684,-2.3,3,2,9,0.069937125,0.043236163,0.056959245,0.0058684074,0.04228005,-0.04151847,0.08737439,0.0066707456,-0.02670351
2019-10-18,0.3840903580974749,0.3849160415827067,0.3581043496047238,0.3346331755615,5.48411140413873,-0.6382463436474441,24.73289987077024,-0.3774949595938172,0.5268121473181672,-0.9,4,2,9,-0.008513219,-0.054835368,0.041401174,0.0058684074,0.04228005,-0.04151847,0.08737439,0.0066707456,-0.02670351
2019-10-21,0.332376978704206,0.3023885426413016,0.306076496476334,0.293350640516524,-8.873925929015513,-0.8907674743575102,18.011534710813084,-0.4984105800182486,0.4808497340755812,-1.2,0,3,9,0.03226465,-0.061818756,-0.11054021,0.05990502,0.043066576,-0.07638767,0.08737439,0.0066707456,-0.02670351
2019-10-22,0.2496355716749758,0.2404929184352477,0.2748597845993001,0.252068105471548,-23.21285630765124,-1.092278932610727,9.76665650712022,-0.6194638774317476,0.3879110564213724,-1.2,1,3,9,-0.024004012,-0.05113,-0.0500181,0.05990502,0.043066576,-0.07638767,0.08737439,0.0066707456,-0.02670351
2019-10-23,0.3427196545828598,0.3230204173766529,0.3372932083533679,0.324312541800256,-28.59848146119612,-1.0166416082019405,2.093628913456953,-0.3246325032820676,0.2809018873487006,2.0,2,3,9,-0.057070304,0.039798003,0.00038044955,0.05990502,0.043066576,-0.07638767,0.08737439,0.0066707456,-0.02670351
2019-10-24,0.3634050063401673,0.51902322736249,0.3997266321074357,0.5616871183088681,-14.144501379657411,-0.4313042391858147,-1.15399714516592,0.4704677109377659,0.2321826363215237,6.4,3,3,9,0.069937125,0.043236163,0.056959245,0.05990502,0.043066576,-0.07638767,0.08737439,0.0066707456,-0.02670351
2019-10-25,0.559915848034589,0.5293391647301656,0.5037823383642155,0.4481601469351841,-11.43389588694663,-0.2736880069577631,-3.2099768935220623,0.0967392241781009,0.3046625963904546,-3.0,4,3,9,-0.008513219,-0.054835368,0.041401174,0.05990502,0.043066576,-0.07638767,0.08737439,0.0066707456,-0.02670351
2019-10-28,0.4461464133693976,0.4468116657887604,0.4413489146101476,0.406877611890208,-12.370784507905682,-0.244084100916097,-5.042138416398787,-0.0324446015380095,0.2823847650930366,-1.1,0,4,9,0.03226465,-0.061818756,-0.11054021,0.03473005,-0.10417456,0.07247304,0.08737439,0.0066707456,-0.02670351
2019-10-29,0.5909438756705504,0.6428144757745976,0.4725656264871815,0.5616871183088681,-0.9980244871994728,0.1052326321841297,-4.233315630558924,0.4375860377450804,0.3647808659581594,4.1,1,4,9,-0.024004012,-0.05113,-0.0500181,0.03473005,-0.10417456,0.07247304,0.08737439,0.0066707456,-0.02670351
2019-10-30,0.5806011997918966,0.5912347889362194,0.6286491858723511,0.6236109208763321,12.709955865060238,0.4464608300174243,-0.8446613314350921,0.6076223768472236,0.1945272284780261,1.6,2,4,9,-0.057070304,0.039798003,0.00038044955,0.03473005,-0.10417456,0.07247304,0.08737439,0.0066707456,-0.02670351
2019-10-31,0.6426572550638193,0.6221826010392463,0.5662157621182833,0.5720077520701121,19.31637972093222,0.5315821800930601,3.1875468790383703,0.4240798870987634,0.2575393820753102,-1.3,3,4,9,0.069937125,0.043236163,0.056959245,0.03473005,-0.10417456,0.07247304,0.08737439,0.0066707456,-0.02670351
2019-11-01,0.5909438756705504,0.5499710394655168,0.5141879089898934,0.4688014144576721,16.295015166746907,0.3449903107886409,5.809040536580078,0.0762452248447784,0.3350587154681695,-2.7,4,0,10,-0.008513219,-0.054835368,0.041401174,-0.026473107,-0.036194045,-8.8315915e-05,-0.003786689,-0.08521121,0.07341343
2019-11-04,0.4668317651267051,0.4674435405241117,0.4621600558615035,0.458480780696428,12.944430229231784,0.187007775431827,7.23611847511042,0.0421602234103731,0.2815379538854223,-0.3,0,1,10,0.03226465,-0.061818756,-0.11054021,-0.08734597,0.027531724,-0.025769664,-0.003786689,-0.08521121,0.07341343
2019-11-05,0.3737476822188211,0.4468116657887604,0.4101322027331137,0.4997633157414041,13.362696386685911,0.1603211469262745,8.46143405742552,0.1846820330762257,0.2356669728108495,1.1,1,1,10,-0.024004012,-0.05113,-0.0500181,-0.08734597,0.027531724,-0.025769664,-0.003786689,-0.08521121,0.07341343
2019-11-06,0.4978597927626664,0.4983913526271387,0.4933767677385374,0.4688014144576721,11.14495395863196,0.0692401229241927,8.998138037666807,0.0705681851428345,0.2054693028288691,-0.8,2,1,10,-0.057070304,0.039798003,0.00038044955,-0.08734597,0.027531724,-0.025769664,-0.003786689,-0.08521121,0.07341343
2019-11-07,0.5082024686413202,0.4777594778917874,0.3685099202304018,0.5100839495026481,12.471281640827328,0.0901284539176584,9.692766758298912,0.223709212846581,0.2788176097195336,1.1,3,1,10,0.069937125,0.043236163,0.056959245,-0.08734597,0.027531724,-0.025769664,-0.003786689,-0.08521121,0.07341343
2019-11-08,0.4047757098547824,0.4364957284210848,0.4621600558615035,0.4171982456514521,6.188817213592301,-0.0944402598687035,8.991976849357592,-0.1279029661015092,0.2845431649524878,-2.5,4,1,10,-0.008513219,-0.054835368,0.041401174,-0.08734597,0.027531724,-0.025769664,-0.003786689,-0.08521121,0.07341343
2019-11-11,0.3634050063401673,0.3539682294796797,0.3372932083533679,0.293350640516524,-8.376518929837403,-0.4612063917661016,5.518277693518593,-0.5376295611445383,0.3773371889637995,-3.4,0,2,10,0.03226465,-0.061818756,-0.11054021,0.0058684074,0.04228005,-0.04151847,-0.003786689,-0.08521121,0.07341343
2019-11-12,0.2496355716749758,0.2404929184352477,0.2436430727222662,0.252068105471548,-22.883531362098893,-0.7530764294842894,-0.1620841176049046,-0.6633567475111329,0.3429002678002605,-1.2,1,2,10,-0.024004012,-0.05113,-0.0500181,0.0058684074,0.04228005,-0.04151847,-0.003786689,-0.08521121,0.07341343
2019-11-13,0.3013489510682447,0.3436522921120041,0.32688763772769,0.293350640516524,-30.79776011829153,-0.8121700864103578,-6.289219317742231,-0.4798719596008183,0.3032343141922906,1.2,2,2,10,-0.057070304,0.039798003,0.00038044955,0.0058684074,0.04228005,-0.04151847,-0.003786689,-0.08521121,0.07341343
2019-11-14,0.2910062751895909,0.261124793170599,0.2436430727222662,0.210785570426572,-43.029161450142965,-0.9736494481821778,-13.637207744222378,-0.7424364632591428,0.3483199821035871,-2.4,3,2,10,0.069937125,0.043236163,0.056959245,0.0058684074,0.04228005,-0.04151847,-0.003786689,-0.08521121,0.07341343
2019-11-15,0.1772368405243994,0.1682813568615183,0.2124263608452323,0.210785570426572,-52.12180737737481,-1.0198017904380507,-21.334127670852865,-0.7424364632591428,0.2098899461869662,0.0,4,2,10,-0.008513219,-0.054835368,0.041401174,0.0058684074,0.04228005,-0.04151847,-0.003786689,-0.08521121,0.07341343
2019-11-18,0.1772368405243994,0.1682813568615183,0.1708040783425204,0.1385411340978639,-64.2357401422737,-1.136647353634561,-29.91445016513704,-0.9697584745859265,0.2203740037254258,-2.1,0,3,10,0.03226465,-0.061818756,-0.11054021,0.05990502,0.043066576,-0.07638767,-0.003786689,-0.08521121,0.07341343
2019-11-19,0.0944954334951691,0.1270176073908157,0.1499929370911645,0.1488617678591079,-72.19696108181233,-1.1202699346663978,-38.370952348472095,-0.9142645660773512,0.1196283122864028,0.3,1,3,10,-0.024004012,-0.05113,-0.0500181,0.05990502,0.043066576,-0.07638767,-0.003786689,-0.08521121,0.07341343
2019-11-20,0.146208812888438,0.0960697952877888,0.1187762252141306,0.0766173315303999,-83.1956730876409,-1.1875203478640657,-47.33589649630586,-1.1411243613373128,0.1026307987435129,-2.1,2,3,10,-0.057070304,0.039798003,0.00038044955,0.05990502,0.043066576,-0.07638767,-0.003786689,-0.08521121,0.07341343
2019-11-21,0.0427820541019002,0.1785972942291939,0.0875595133370967,0.1798236691428399,-82.88759077781833,-0.9422161029695084,-54.44623535260836,-0.5931433117201457,0.1253657864558177,3.0,3,3,10,0.069937125,0.043236163,0.056959245,0.05990502,0.043066576,-0.07638767,-0.003786689,-0.08521121,0.07341343
2019-11-22,0.2186075440390144,0.2198610436998965,0.1708040783425204,0.1488617678591079,-84.0947902128255,-0.7860572518263051,-60.37594632465179,-0.7011867115553916,0.1932208588291763,-0.9,4,3,10,-0.008513219,-0.054835368,0.041401174,0.05990502,0.043066576,-0.07638767,-0.003786689,-0.08521121,0.07341343
2019-11-25,0.2186075440390144,0.1992291689645452,0.1812096489681984,0.1385411340978639,-84.87997734608962,-0.6499664575881577,-65.27675252893935,-0.7382255356139116,0.1852990901935686,-0.3,0,4,10,0.03226465,-0.061818756,-0.11054021,0.03473005,-0.10417456,0.07247304,-0.003786689,-0.08521121,0.07341343
2019-11-26,0.146208812888438,0.1063857326554645,0.1395873664654865,0.0869379652916439,-88.51646324997364,-0.6165207278674929,-69.9246946731462,-0.9234347354619572,0.1273467885021836,-1.5,1,4,10,-0.024004012,-0.05113,-0.0500181,0.03473005,-0.10417456,0.07247304,-0.003786689,-0.08521121,0.07341343
2019-11-27,0.0944954334951691,0.0754379205524375,0.0563428014600628,0.0043728952016919,-96.73859365045246,-0.7110706092163032,-75.28747446860746,-1.1951825850608906,0.1989633861055957,-2.5,2,4,10,-0.057070304,0.039798003,0.00038044955,0.03473005,-0.10417456,0.07247304,-0.003786689,-0.08521121,0.07341343
2019-11-28,-0.0606447046846374,-0.0793011399626969,-0.1101463285507846,-0.1504366112169681,-114.043811557945,-1.0269902042534795,-83.03874188647497,-1.613076671125815,0.4314456786773616,-4.9,3,4,10,0.069937125,0.043236163,0.056959245,0.03473005,-0.10417456,0.07247304,-0.003786689,-0.08521121,0.07341343
2019-11-29,-0.2054421669857903,-0.1515127015364264,-0.1621741816791744,-0.1607572449782121,-127.10010693779896,-1.1673268984602705,-91.85101489673976,-1.6380098309405515,0.4092751640935091,-0.3,4,4,10,-0.008513219,-0.054835368,0.041401174,0.03473005,-0.10417456,0.07247304,-0.003786689,-0.08521121,0.07341343
2019-12-02,-0.1950994911071365,-0.0793011399626969,-0.1517686110534965,-0.047230273604528,-127.10603514779496,-0.9343680288425268,-98.90201894695082,-0.9758444722686898,0.370128330069922,3.6,0,1,11,0.03226465,-0.061818756,-0.11054021,-0.08734597,0.027531724,-0.025769664,0.07074754,-0.025074815,-0.045436546
2019-12-03,-0.081330056441945,-0.0586692652273456,-0.0789296166737507,-0.0988334424107481,-129.65078192032388,-0.8151616355630459,-105.05177154162544,-1.131220427122632,0.4087847757526546,-1.6,1,1,11,-0.024004012,-0.05113,-0.0500181,-0.08734597,0.027531724,-0.025769664,0.07074754,-0.025074815,-0.045436546
2019-12-04,-0.1433861117138676,-0.1308808268010751,-0.1101463285507846,-0.0988334424107481,-130.1670276034124,-0.666135514979307,-110.07482275398284,-1.131220427122632,0.3150960865002143,0.0,2,1,11,-0.057070304,0.039798003,0.00038044955,-0.08734597,0.027531724,-0.025769664,0.07074754,-0.025074815,-0.045436546
2019-12-05,-0.1020154081992525,-0.04835332785967,-0.0477129047967168,-0.047230273604528,-125.09950467587896,-0.3992042513577357,-113.07975913836206,-0.8273019564122813,0.2131518555915293,1.6,3,1,11,0.069937125,0.043236163,0.056959245,-0.08734597,0.027531724,-0.025769664,0.07074754,-0.025074815,-0.045436546
2019-12-06,-0.0089313252913685,-0.0070895783889675,0.0355316602087069,0.0146935289629359,-114.91726301270182,-0.0503568962879136,-113.44725991323004,-0.4844159075817916,0.0890428374645736,1.9,4,1,11,-0.008513219,-0.054835368,0.041401174,-0.08734597,0.027531724,-0.025769664,0.07074754,-0.025074815,-0.045436546
2019-12-09,0.053124729980554,0.034174171081735,0.0563428014600628,0.0043728952016919,-106.42784560693372,0.1839398175535471,-112.04337705197077,-0.5266773772034704,0.0225770186361345,-0.3,0,2,11,0.03226465,-0.061818756,-0.11054021,0.0058684074,0.04228005,-0.04151847,0.07074754,-0.025074815,-0.045436546
2019-12-10,0.0117540264659389,0.0032263589787081,0.0563428014600628,0.0456554302466679,-95.37285652142371,0.4392456053184765,-108.70927294586136,-0.2940674567667433,-0.1416945028180568,1.3,1,2,11,-0.024004012,-0.05113,-0.0500181,0.0058684074,0.04228005,-0.04151847,0.07074754,-0.025074815,-0.045436546
2019-12-11,0.0634674058592078,0.0857538579201132,0.1187762252141306,0.1075792328141319,-80.8383453402248,0.7355358631552793,-103.13508742473404,0.0347008898341827,-0.2374404410840407,1.9,2,2,11,-0.057070304,0.039798003,0.00038044955,0.0058684074,0.04228005,-0.04151847,0.07074754,-0.025074815,-0.045436546
2019-12-12,0.1772368405243994,0.1992291689645452,0.2332375020965882,0.210785570426572,-60.55246512315716,1.1247120587572277,-94.61856296441869,0.5129286424941393,-0.2713438202775004,3.0,3,2,11,0.069937125,0.043236163,0.056959245,0.0058684074,0.04228005,-0.04151847,0.07074754,-0.025074815,-0.045436546
2019-12-13,0.2496355716749758,0.3127044800089772,0.2852653552249781,0.344953809322744,-33.598542273624844,1.6124462532340185,-82.41455882625992,1.0153070339356378,-0.3135699092430682,3.8,4,2,11,-0.008513219,-0.054835368,0.041401174,0.0058684074,0.04228005,-0.04151847,0.07074754,-0.025074815,-0.045436546
2019-12-16,0.3634050063401673,0.4158638536857336,0.4101322027331137,0.4688014144576721,-2.5252575080512543,2.111605255653316,-66.43669856261819,1.388030265522838,-0.3987191126865988,3.4,0,3,11,0.03226465,-0.061818756,-0.11054021,0.05990502,0.043066576,-0.07638767,0.07074754,-0.025074815,-0.045436546
2019-12-17,0.4771744410053589,0.4777594778917874,0.4517544852358256,0.4688014144576721,21.84868648216161,2.3337112733620757,-48.77962155366224,1.388030265522838,-0.3763106643505532,0.0,1,3,11,-0.024004012,-0.05113,-0.0500181,0.05990502,0.043066576,-0.07638767,0.07074754,-0.025074815,-0.045436546
2019-12-18,0.4564890892480513,0.405547916318058,0.3476987789790459,0.303671274277768,27.93256070261714,2.0275592544922616,-33.43718510240636,0.5368526505982136,-0.1609800562872885,-4.5,2,3,11,-0.057070304,0.039798003,0.00038044955,0.05990502,0.043066576,-0.07638767,0.07074754,-0.025074815,-0.045436546
2019-12-19,0.3013489510682447,0.2920726052736259,0.32688763772769,0.324312541800256,33.976250639411774,1.7815746234107377,-19.954497954042736,0.6106589233368386,-0.2648892450745825,0.6,3,3,11,0.069937125,0.043236163,0.056959245,0.05990502,0.043066576,-0.07638767,0.07074754,-0.025074815,-0.045436546
2019-12-20,0.3634050063401673,0.3849160415827067,0.4205377733587917,0.427518879412696,46.30134958545386,1.750952334003283,-6.703328446143418,0.9590952684524284,-0.3557756458842073,2.8,4,3,11,-0.008513219,-0.054835368,0.041401174,0.05990502,0.043066576,-0.07638767,0.07074754,-0.025074815,-0.045436546
2019-12-23,0.4668317651267051,0.4571276031564361,0.5245934796155713,0.4688014144576721,58.62099862197738,1.7263103331551142,6.361536967480741,1.0878249316014426,-0.4463588441755415,1.1,0,4,11,0.03226465,-0.061818756,-0.11054021,0.03473005,-0.10417456,0.07247304,0.07074754,-0.025074815,-0.045436546
2019-12-26,0.4668317651267051,0.4158638536857336,0.4725656264871815,0.4378395131739401,65.21193734151029,1.5550521461491278,18.131617042286653,0.9237554132393292,-0.5306465302742511,-0.8,3,4,11,0.069937125,0.043236163,0.056959245,0.03473005,-0.10417456,0.07247304,0.07074754,-0.025074815,-0.045436546
2019-12-27,0.4358037374907438,0.3849160415827067,0.4413489146101476,0.38623634436772,65.64401824893366,1.2551220923452235,27.634097283616057,0.6552488857859479,-0.5947599148898332,-1.4,4,4,11,-0.008513219,-0.054835368,0.041401174,0.03473005,-0.10417456,0.07247304,0.07074754,-0.025074815,-0.045436546
2019-12-30,0.4151183857334362,0.488075415259463,0.4621600558615035,0.4997633157414041,74.00939197128582,1.2250416156771031,36.90915622115001,1.0466414120853686,-0.5970286924454509,3.1,0,0,11,0.03226465,-0.061818756,-0.11054021,-0.026473107,-0.036194045,-8.8315915e-05,0.07074754,-0.025074815,-0.045436546
